<?xml version="1.0" encoding="UTF-8"?>
<project-private xmlns="http://www.netbeans.org/ns/project-private/1">
    <editor-bookmarks xmlns="http://www.netbeans.org/ns/editor-bookmarks/2" lastBookmarkId="0"/>
    <open-files xmlns="http://www.netbeans.org/ns/projectui-open-files/2">
        <group>
            <file>file:/D:/UNPAM%20yang%20kucinta/Laundry-master/src/XI_RPL4/home.java</file>
            <file>file:/D:/UNPAM%20yang%20kucinta/Laundry-master/src/XI_RPL4/transaksi.java</file>
            <file>file:/D:/UNPAM%20yang%20kucinta/Laundry-master/src/XI_RPL4/penerimaan.java</file>
            <file>file:/D:/UNPAM%20yang%20kucinta/Laundry-master/src/XI_RPL4/pelanggan.java</file>
            <file>file:/D:/UNPAM%20yang%20kucinta/Laundry-master/src/XI_RPL4/db_koneksi.java</file>
            <file>file:/D:/UNPAM%20yang%20kucinta/Laundry-master/src/XI_RPL4/Login.java</file>
            <file>file:/D:/UNPAM%20yang%20kucinta/Laundry-master/src/XI_RPL4/pengguna.java</file>
            <file>file:/D:/UNPAM%20yang%20kucinta/Laundry-master/src/XI_RPL4/jenis_cucian.java</file>
            <file>file:/D:/UNPAM%20yang%20kucinta/Laundry-master/src/XI_RPL4/home_admin.java</file>
        </group>
    </open-files>
</project-private>
